{
  "indexes": [
    {
      "collectionGroup": "network_scans",
      "queryScope": "COLLECTION",
      "fields": [
        {"fieldPath": "timestamp", "order": "DESCENDING"},
        {"fieldPath": "deviceId", "order": "ASCENDING"}
      ]
    },
    {
      "collectionGroup": "threat_reports",
      "queryScope": "COLLECTION", 
      "fields": [
        {"fieldPath": "timestamp", "order": "DESCENDING"},
        {"fieldPath": "status", "order": "ASCENDING"}
      ]
    },
    {
      "collectionGroup": "threat_reports",
      "queryScope": "COLLECTION",
      "fields": [
        {"fieldPath": "reportType", "order": "ASCENDING"},
        {"fieldPath": "timestamp", "order": "DESCENDING"}
      ]
    },
    {
      "collectionGroup": "safety_tips",
      "queryScope": "COLLECTION",
      "fields": [
        {"fieldPath": "category", "order": "ASCENDING"},
        {"fieldPath": "priority", "order": "ASCENDING"}
      ]
    }
  ],
  "fieldOverrides": []
}
